<?xml version="1.0" encoding="UTF-8"?>
<project-private xmlns="http://www.netbeans.org/ns/project-private/1">
    <editor-bookmarks xmlns="http://www.netbeans.org/ns/editor-bookmarks/2" lastBookmarkId="0"/>
    <open-files xmlns="http://www.netbeans.org/ns/projectui-open-files/2">
        <group>
            <file>file:/D:/_notes/Sabre/SABRE/matérias/Análise%20de%20projetos%20e%20desenvolvimento(teoria)/Análise%20de%20rojeto%20e%20desenvolvimento(laboratório)/Projetos/Super%20Mercado/src/Cheque.java</file>
            <file>file:/D:/_notes/Sabre/SABRE/matérias/Análise%20de%20projetos%20e%20desenvolvimento(teoria)/Análise%20de%20rojeto%20e%20desenvolvimento(laboratório)/Projetos/Super%20Mercado/src/Atendente.java</file>
            <file>file:/D:/_notes/Sabre/SABRE/matérias/Análise%20de%20projetos%20e%20desenvolvimento(teoria)/Análise%20de%20rojeto%20e%20desenvolvimento(laboratório)/Projetos/Super%20Mercado/src/RealizaCompra.java</file>
            <file>file:/D:/_notes/Sabre/SABRE/matérias/Análise%20de%20projetos%20e%20desenvolvimento(teoria)/Análise%20de%20rojeto%20e%20desenvolvimento(laboratório)/Projetos/Super%20Mercado/src/PontoDeVendas.java</file>
        </group>
    </open-files>
</project-private>
